,likes,matches
10,0.07817602157592773,0.08448338508605957
100,0.6596980094909668,0.5971248149871826
1000,6.14953875541687,6.13219690322876
10000,64.3102376461029,64.10672497749329
50000,320.2158463001251,319.4933295249939
100000,635.9922122955322,637.0852136611938
200000,1279.194105386734,927.3938536643982
