,city,color,country,located_in,movie,movie_category,user,university
0,154.02175116539001,1.0653588771820068,0.507582426071167,46.24657416343689,58.852930784225464,1.1657464504241943,6635.698932170868,111.37043642997742
